City_ID,City,Lat,Lng,Max Temp,Humidity,Cloudiness,Wind Speed,Country,Date
0,tasiilaq,65.6145,-37.6368,-3.91,81,100,2.66,GL,1675369964
1,provideniya,64.3833,-173.3,-13.03,93,39,5.32,RU,1675369964
2,nago,26.5881,127.9761,10.24,72,0,3.07,JP,1675369964
3,puerto ayora,-0.7393,-90.3518,29.98,87,100,4.47,EC,1675369965
4,tezu,27.9167,96.1667,16.2,18,0,2.01,IN,1675369965
5,mataura,-46.1927,168.8643,22.58,66,42,0.86,NZ,1675369965
6,vaini,-21.2,-175.2,27.09,89,75,5.66,TO,1675369966
7,tuatapere,-46.1333,167.6833,20.62,84,54,0.5,NZ,1675369967
8,port alfred,-33.5906,26.891,21.21,92,2,0.89,ZA,1675369708
9,tiksi,71.6872,128.8694,-33.38,98,80,3.45,RU,1675369967
10,victoria,22.2855,114.1577,18.3,83,77,5.36,HK,1675369924
11,arraial do cabo,-22.9661,-42.0278,30.98,65,40,5.66,BR,1675369967
12,kodiak,57.79,-152.4072,-2.27,86,100,2.06,US,1675369968
13,taman,45.2117,36.7161,4.36,68,13,2.69,RU,1675369968
14,richards bay,-28.783,32.0377,23.74,90,100,1.71,ZA,1675369969
15,mehamn,71.0357,27.8492,-4.05,93,40,4.63,NO,1675369969
16,carnarvon,-24.8667,113.6333,28.51,60,43,5.53,AU,1675369677
17,pacifica,37.6138,-122.4869,15.38,56,100,3.13,US,1675369970
18,dikson,73.5069,80.5464,-15.65,91,100,3.01,RU,1675369970
19,rikitea,-23.1203,-134.9692,26.2,71,74,7.06,PF,1675369970
20,ushuaia,-54.8,-68.3,20.81,40,40,4.12,AR,1675369971
21,hobart,-42.8794,147.3294,8.36,93,0,4.12,AU,1675369971
22,bethel,41.3712,-73.414,4.09,37,0,5.14,US,1675369815
23,marienburg,54.0359,19.0266,2.8,84,85,5.01,PL,1675369972
24,chake chake,-5.2459,39.7666,25.46,89,100,2.24,TZ,1675369972
25,pedernales,18.0384,-71.744,28.13,52,6,1.49,DO,1675369972
26,mar del plata,-38.0023,-57.5575,22.19,85,100,7.6,AR,1675369973
27,saskylakh,71.9167,114.0833,-25.4,99,100,1.28,RU,1675369973
28,boa vista,2.8197,-60.6733,31.99,45,75,6.17,BR,1675369296
29,cherskiy,68.75,161.3,-25.86,100,99,1.6,RU,1675369974
30,kargasok,59.0556,80.8572,-14.96,99,98,1.83,RU,1675369974
31,totness,5.8833,-56.3167,25.8,79,68,4.74,SR,1675369974
32,yar-sale,66.8333,70.8333,-15.04,95,18,3.86,RU,1675369725
33,bambous virieux,-20.3428,57.7575,26.14,89,40,0.51,MU,1675369975
34,ponta do sol,32.6667,-17.1,16.35,55,49,3.97,PT,1675369721
35,hokitika,-42.7167,170.9667,18.68,89,100,2.84,NZ,1675369975
36,albany,42.6001,-73.9662,2.71,38,21,0.45,US,1675369908
37,tacuarembo,-31.7333,-55.9833,19.19,94,100,4.35,UY,1675369976
38,atuona,-9.8,-139.0333,25.94,80,70,9.64,PF,1675369976
39,hilo,19.7297,-155.09,27.01,68,0,2.24,US,1675369868
40,bluff,-46.6,168.3333,17.81,92,72,2.12,NZ,1675369977
41,constitucion,-35.3333,-72.4167,23.42,47,3,8.09,CL,1675369777
42,dumbarton,55.9443,-4.5706,10.22,85,75,9.77,GB,1675369977
43,suluq,31.6682,20.2521,12.23,62,19,2.54,LY,1675369977
44,punta arenas,-53.15,-70.9167,19.06,42,0,12.35,CL,1675369978
45,grand gaube,-20.0064,57.6608,26.22,82,2,0.45,MU,1675369978
46,belyy yar,53.6039,91.3903,-24.06,84,40,1.0,RU,1675369979
47,carroll,39.5501,-77.0164,4.6,54,0,4.63,US,1675369877
48,kapaa,22.0752,-159.319,26.18,86,75,4.12,US,1675369979
49,sitka,57.0531,-135.33,4.94,81,100,3.09,US,1675369979
50,lebu,-37.6167,-73.65,17.34,69,0,10.58,CL,1675369980
51,san borja,-14.8167,-66.85,28.76,80,98,2.19,BO,1675369980
52,mahebourg,-20.4081,57.7,26.16,89,40,0.51,MU,1675369980
53,mercedes,-34.6515,-59.4307,27.02,60,25,4.03,AR,1675369981
54,cape town,-33.9258,18.4232,19.49,68,0,8.75,ZA,1675369981
55,vestmannaeyjar,63.4427,-20.2734,3.08,71,100,14.64,IS,1675369981
56,coquimbo,-29.9533,-71.3436,19.85,72,20,4.63,CL,1675369450
57,saint-philippe,-21.3585,55.7679,24.77,88,77,6.64,RE,1675369705
58,mazatlan,23.2167,-106.4167,26.98,73,20,6.17,MX,1675369733
59,tongliao,43.6125,122.2653,-10.88,33,99,2.37,CN,1675369982
60,buala,-8.145,159.5921,26.72,82,100,1.7,SB,1675369983
61,butaritari,3.0707,172.7902,27.05,78,100,7.9,KI,1675369983
62,krasnyy chikoy,50.3643,108.7512,-21.18,100,100,1.17,RU,1675369983
63,baft,29.234,56.6057,4.56,94,95,4.22,IR,1675369984
64,klaksvik,62.2266,-6.589,6.51,95,100,11.88,FO,1675369984
65,cayenne,4.9333,-52.3333,27.02,74,75,2.57,GF,1675369985
66,avarua,-21.2078,-159.775,28.03,83,100,5.14,CK,1675369710
67,shelburne,44.0787,-80.2041,-1.75,81,67,9.54,CA,1675369985
68,saldanha,-33.0117,17.9442,17.03,84,0,8.81,ZA,1675369986
69,moerai,-22.4333,-151.3333,26.38,79,1,6.71,PF,1675369986
70,jamestown,42.097,-79.2353,2.77,40,0,8.23,US,1675369908
71,sao joao da barra,-21.6403,-41.0511,30.05,88,97,6.88,BR,1675369987
72,billings,45.7833,-108.5007,-1.38,69,75,3.09,US,1675369987
73,hermanus,-34.4187,19.2345,17.11,77,8,2.79,ZA,1675369988
74,huty,50.1332,35.3439,-0.8,92,97,3.6,UA,1675369988
75,kaitangata,-46.2817,169.8464,22.38,62,31,2.23,NZ,1675369989
76,saint george,37.1041,-113.5841,11.35,34,0,1.34,US,1675369943
77,carutapera,-1.195,-46.02,23.19,97,100,1.91,BR,1675369732
78,bathsheba,13.2167,-59.5167,27.34,65,40,8.75,BB,1675369990
79,ornskoldsvik,63.2909,18.7153,-8.47,92,0,4.12,SE,1675369990
80,beloha,-25.1667,45.05,22.19,82,69,5.75,MG,1675369991
81,geraldton,-28.7667,114.6,25.23,36,3,4.63,AU,1675369991
82,ishigaki,24.3448,124.1572,19.07,88,100,5.14,JP,1675369992
83,aklavik,68.2191,-135.0107,-36.0,68,20,3.6,CA,1675369992
84,chase,50.8165,-119.6857,0.08,92,100,1.94,CA,1675369993
85,college,64.8569,-147.8028,-11.34,86,100,0.0,US,1675369993
86,puerto madero,14.7208,-92.4215,32.11,51,20,3.6,MX,1675369993
87,asfi,32.2994,-9.2372,11.96,63,0,7.56,MA,1675369994
88,castro,-24.7911,-50.0119,19.95,94,100,4.01,BR,1675369994
89,gap,44.6667,6.0,-5.09,72,16,3.47,FR,1675369995
90,melbu,68.5044,14.8297,-1.1,74,84,3.6,NO,1675369995
91,ahipara,-35.1667,173.1667,21.96,95,97,2.89,NZ,1675369995
92,east london,-33.0153,27.9116,22.52,83,63,2.02,ZA,1675369996
93,ancud,-41.8697,-73.8203,18.19,71,9,2.85,CL,1675369996
94,busselton,-33.65,115.3333,15.93,85,8,7.17,AU,1675369997
95,camacha,33.0833,-16.3333,13.68,58,40,4.12,PT,1675369997
96,massaguet,12.4755,15.4365,26.09,16,20,6.58,TD,1675369997
97,maxixe,-23.8597,35.3472,24.22,75,7,3.86,MZ,1675369998
98,port-cartier,50.0334,-66.8654,-9.03,83,100,4.81,CA,1675369772
99,barrow,71.2906,-156.7887,-18.99,78,100,6.17,US,1675369998
100,thayetmyo,19.3167,95.1833,22.65,45,38,0.7,MM,1675369998
101,ruwi,23.5996,58.5507,21.83,70,0,1.95,OM,1675369999
102,lavrentiya,65.5833,-171.0,-18.03,93,13,3.79,RU,1675369999
103,gat,31.61,34.7642,12.1,100,89,3.02,IL,1675369804
104,alekseyevsk,57.8406,108.3492,-13.19,95,100,5.14,RU,1675370000
105,port elizabeth,-33.918,25.5701,21.72,89,0,5.81,ZA,1675370000
106,qaanaaq,77.484,-69.3632,-17.14,59,9,4.19,GL,1675370001
107,namibe,-15.1961,12.1522,22.64,77,47,2.16,AO,1675370001
108,tuktoyaktuk,69.4541,-133.0374,-37.0,67,40,2.57,CA,1675370001
109,pierre,44.3683,-100.351,-11.19,59,20,3.6,US,1675370002
110,clyde river,70.4692,-68.5914,-32.87,68,20,4.63,CA,1675370002
111,qaqortoq,60.7167,-46.0333,-18.19,96,23,1.71,GL,1675370002
112,marawi,7.9986,124.2928,18.53,94,100,0.43,PH,1675370003
113,thompson,55.7435,-97.8558,-27.91,57,0,4.63,CA,1675369999
114,yumen,40.2833,97.2,-6.72,42,13,0.37,CN,1675370003
115,wainwright,52.839,-110.8572,-18.49,80,99,6.44,CA,1675370004
116,marystown,47.1666,-55.1483,-5.91,76,81,6.78,CA,1675370004
117,shizunai,42.3339,142.3669,-7.23,71,78,6.24,JP,1675370005
118,hefei,31.8639,117.2808,1.01,80,0,1.0,CN,1675370005
119,otane,-39.8833,176.6333,21.12,89,100,2.92,NZ,1675370005
120,new norfolk,-42.7826,147.0587,8.17,88,10,0.9,AU,1675370006
121,husavik,66.0449,-17.3389,-0.54,90,100,10.14,IS,1675370006
122,hithadhoo,-0.6,73.0833,27.96,64,84,6.38,MV,1675369729
123,pahrump,36.2083,-115.9839,14.03,26,0,0.45,US,1675369789
124,mairang,25.5667,91.6333,7.3,72,3,0.82,IN,1675370007
125,ilulissat,69.2167,-51.1,-12.99,56,75,1.54,GL,1675370008
126,saint-augustin,51.226,-58.6502,-19.46,93,81,1.39,CA,1675370008
127,trairi,-3.2778,-39.2689,26.47,80,69,4.36,BR,1675369845
128,jasper,37.2001,-94.3502,8.32,36,0,2.57,US,1675369825
129,atar,20.5169,-13.0499,20.92,13,14,4.43,MR,1675370009
130,sandwick,60.0,-1.25,8.9,93,75,13.89,GB,1675370009
131,airai,-8.9266,125.4092,16.2,96,100,1.36,TL,1675370010
132,kautokeino,69.0125,23.0412,-21.51,100,60,0.86,NO,1675370010
133,batemans bay,-35.7167,150.1833,17.08,51,0,3.85,AU,1675370011
134,paris,48.8534,2.3488,9.5,78,100,4.12,FR,1675369260
135,souillac,-20.5167,57.5167,26.21,89,40,0.51,MU,1675370011
136,parintins,-2.6283,-56.7358,27.43,75,99,0.4,BR,1675370012
137,mitsamiouli,-11.3847,43.2844,27.41,78,99,0.92,KM,1675370012
138,nome,64.5011,-165.4064,-9.96,100,100,0.0,US,1675370013
139,chara,56.9064,118.2631,-22.63,80,94,0.97,RU,1675370013
140,eskilstuna,59.3666,16.5077,-6.26,88,9,1.2,SE,1675370013
141,portland,45.5234,-122.6762,10.26,57,75,2.24,US,1675369435
142,tura,25.5198,90.2201,13.62,59,3,1.41,IN,1675370014
143,touros,-5.1989,-35.4608,26.92,75,39,6.86,BR,1675370014
144,coos bay,43.3665,-124.2179,11.19,88,0,2.57,US,1675369853
145,champerico,14.3,-91.9167,35.3,57,6,5.61,GT,1675370015
146,kangaatsiaq,68.3065,-53.4641,-17.22,92,100,5.04,GL,1675370015
147,lata,40.1629,-8.3327,7.82,78,0,1.53,PT,1675370015
148,puerto baquerizo moreno,-0.9,-89.6,28.55,79,75,0.51,EC,1675370016
149,waddan,29.1614,16.139,12.58,45,100,4.05,LY,1675370016
150,nanortalik,60.1432,-45.2371,-9.5,75,99,6.9,GL,1675370017
151,chuy,-33.6971,-53.4616,20.39,92,100,6.09,UY,1675370017
152,georgetown,5.4112,100.3354,25.96,89,20,0.0,MY,1675369980
153,yazykovo,55.2199,56.1353,-13.01,90,100,1.81,RU,1675370018
154,kloulklubed,7.0419,134.2556,28.25,74,100,8.51,PW,1675370018
155,taft,31.7471,54.2088,8.97,32,20,5.14,IR,1675370018
156,zhigansk,66.7697,123.3711,-33.53,98,100,3.51,RU,1675370019
157,kahului,20.8947,-156.47,27.2,70,20,3.6,US,1675370019
158,warrnambool,-38.3833,142.4833,10.8,77,100,8.01,AU,1675369908
159,bonthe,7.5264,-12.505,25.85,85,77,3.24,SL,1675370020
160,bambari,5.768,20.6757,27.51,36,1,0.56,CF,1675370020
161,kommunar,59.6206,30.39,-1.26,98,100,1.07,RU,1675370021
162,north platte,41.1239,-100.7654,-5.06,72,40,5.66,US,1675370021
163,kapoeta,4.7717,33.5903,29.57,29,86,2.26,SS,1675370021
164,pogar,52.554,33.2591,-0.79,98,100,3.3,RU,1675370022
165,port shepstone,-30.7414,30.455,23.51,86,69,2.86,ZA,1675369763
166,shangrao,28.4532,117.9686,5.21,92,100,1.29,CN,1675370022
167,roald,62.5833,6.1333,2.64,69,0,6.69,NO,1675369793
168,cidreira,-30.1811,-50.2056,25.94,78,100,5.83,BR,1675370022
169,tateyama,34.9833,139.8667,5.61,58,100,6.42,JP,1675370023
170,vestmanna,62.1564,-7.1664,5.51,87,100,5.14,FO,1675370023
171,padang,-0.9492,100.3543,24.52,84,100,2.07,ID,1675370024
172,acajutla,13.5928,-89.8275,29.42,56,7,3.82,SV,1675370024
173,baiao,-2.7906,-49.6717,23.18,91,100,1.48,BR,1675370024
174,narsaq,60.9167,-46.05,-9.88,97,70,2.51,GL,1675370025
175,srednekolymsk,67.45,153.6833,-34.14,100,100,0.77,RU,1675369731
176,kenai,60.5544,-151.2583,-2.14,95,100,1.54,US,1675369979
177,matay,28.419,30.7792,11.29,49,0,2.25,EG,1675370025
178,mednogorsk,51.4128,57.595,-18.0,89,84,3.11,RU,1675370026
179,nuuk,64.1835,-51.7216,-12.66,72,75,4.63,GL,1675370026
180,saint anthony,45.0205,-93.218,-11.97,46,0,10.8,US,1675370026
181,arlit,18.7369,7.3853,20.75,12,6,1.93,NE,1675370027
182,nikolskoye,59.7035,30.7861,-1.06,99,100,0.74,RU,1675370027
183,mizdah,31.4451,12.9801,10.02,56,99,4.16,LY,1675370028
184,veraval,20.9,70.3667,21.91,44,46,4.86,IN,1675370028
185,guerrero negro,27.9769,-114.0611,20.05,34,16,3.71,MX,1675370028
186,ribeira grande,38.5167,-28.7,15.99,88,20,8.94,PT,1675370029
187,marsh harbour,26.5412,-77.0636,24.46,68,0,3.26,BS,1675370029
188,myatlevo,54.8969,35.6762,-1.23,96,99,3.35,RU,1675370029
189,roswell,34.0232,-84.3616,10.0,94,100,2.06,US,1675369910
190,doka,13.5167,35.7667,25.22,29,10,6.76,SD,1675370030
191,faanui,-16.4833,-151.75,27.45,75,30,8.31,PF,1675370030
192,raymondville,26.4815,-97.7831,9.06,67,100,5.42,US,1675370031
193,sovetskaya gavan,48.9723,140.2878,-23.63,91,10,2.37,RU,1675370031
194,sao filipe,14.8961,-24.4956,22.11,73,27,5.97,CV,1675370031
195,leningradskiy,69.3833,178.4167,-29.44,100,100,2.61,RU,1675370032
196,berezovka,53.7214,25.4993,-1.11,85,97,5.65,BY,1675370032
197,san jeronimo,-11.9472,-75.2829,15.0,66,70,2.01,PE,1675370033
198,abrau-dyurso,44.69,37.59,-1.3,76,56,0.89,RU,1675370033
199,villazon,-22.0866,-65.5942,16.87,41,47,8.51,BO,1675370034
200,nacala,-14.5428,40.6728,24.93,89,55,1.65,MZ,1675370034
201,bengkulu,-3.8004,102.2655,23.54,90,100,2.34,ID,1675370035
202,urucui,-7.2294,-44.5561,26.7,76,100,1.33,BR,1675370035
203,fuerte olimpo,-21.0415,-57.8738,30.82,65,83,0.28,PY,1675370035
204,port hardy,50.6996,-127.4199,7.1,76,100,11.32,CA,1675370036
205,olmos,-5.9847,-79.7453,32.72,38,70,3.84,PE,1675370036
206,tatawin,32.9297,10.4518,9.01,63,100,3.59,TN,1675370036
207,buchanan,5.8808,-10.0467,25.98,87,49,2.37,LR,1675370037
208,bredasdorp,-34.5322,20.0403,17.51,73,2,0.7,ZA,1675370037
209,carbonia,39.1672,8.5222,10.56,86,27,2.27,IT,1675370039
210,lompoc,34.6391,-120.4579,20.08,27,75,5.66,US,1675370039
211,san juan,-31.5375,-68.5364,31.24,32,2,3.43,AR,1675369874
212,balkhash,46.844,74.9804,-5.88,91,100,3.52,KZ,1675370040
213,luderitz,-26.6481,15.1594,18.72,62,6,9.17,NA,1675370040
214,islamkot,24.6997,70.177,17.83,21,3,3.29,PK,1675370041
215,bumba,2.1833,22.4667,24.48,65,81,0.68,CD,1675370041
216,sibolga,1.7427,98.7792,24.01,90,98,1.16,ID,1675370042
217,topchanchi,23.9,86.2,13.02,32,100,3.01,IN,1675370042
218,chokurdakh,70.6333,147.9167,-26.37,99,99,1.91,RU,1675370042
219,chirawa,28.2408,75.6448,14.2,36,0,2.98,IN,1675370043
220,lagoa,39.05,-27.9833,14.54,83,40,10.29,PT,1675370043
221,elko,41.0002,-115.5012,-4.09,52,4,2.24,US,1675370044
222,kologriv,58.8275,44.3178,-4.34,96,100,2.64,RU,1675370044
223,saint-pierre,-21.3393,55.4781,24.82,88,75,6.69,RE,1675370044
224,karratha,-20.7377,116.8463,29.61,68,30,2.14,AU,1675370045
225,dingle,10.9995,122.6711,23.06,95,81,3.8,PH,1675370045
226,caravelas,-17.7125,-39.2481,25.88,76,0,3.07,BR,1675370045
227,tubuala,9.5167,-79.0333,26.4,77,34,6.71,PA,1675370046
228,saint-georges,12.0564,-61.7485,27.82,69,20,8.75,GD,1675369897
229,brae,60.3964,-1.353,9.0,89,100,14.37,GB,1675370047
230,thinadhoo,0.5333,72.9333,27.4,66,33,5.68,MV,1675370047
231,tagusao,9.1924,117.8141,25.22,79,100,2.06,PH,1675370048
232,banjar,-8.19,114.9675,24.25,95,100,0.66,ID,1675370048
233,santa maria,-29.6842,-53.8069,26.61,78,75,1.03,BR,1675369919
234,kidal,18.4411,1.4078,22.69,10,9,5.88,ML,1675370049
235,yellowknife,62.456,-114.3525,-29.69,76,20,5.14,CA,1675369832
236,vila franca do campo,37.7167,-25.4333,15.23,79,69,4.96,PT,1675370049
237,san cristobal,7.7669,-72.225,25.1,29,6,2.98,VE,1675370049
238,gold coast,-28.0,153.4333,26.11,97,2,0.0,AU,1675369754
239,talnakh,69.4865,88.3972,-10.44,96,100,3.42,RU,1675369910
240,abu dhabi,24.4667,54.3667,22.01,75,0,3.09,AE,1675369638
241,wick,58.4333,-3.0833,10.03,87,20,7.72,GB,1675370050
242,pinawa,50.1489,-95.8811,-24.12,81,100,4.58,CA,1675369832
243,flin flon,54.7682,-101.865,-25.09,53,20,2.57,CA,1675370050
244,alofi,-19.0595,-169.9187,23.94,94,100,0.51,NU,1675370051
245,somerset,40.5668,-74.5496,5.57,38,0,2.24,US,1675370051
246,umm lajj,25.0213,37.2685,18.21,56,0,5.76,SA,1675370051
247,norman wells,65.282,-126.8329,-31.98,68,20,3.6,CA,1675370052
248,codrington,-38.2667,141.9667,10.62,79,100,6.63,AU,1675370052
249,el limon,10.3059,-67.6321,30.62,64,38,3.37,VE,1675370053
250,calama,-22.4667,-68.9333,23.27,40,40,10.8,CL,1675370053
251,mazagao,-0.115,-51.2894,26.03,83,100,2.59,BR,1675370053
252,zunheboto,25.9667,94.5167,8.74,74,20,1.51,IN,1675370054
253,shache,38.4167,77.2406,-6.66,84,12,1.93,CN,1675370054
254,taltal,-25.4,-70.4833,22.62,73,24,3.38,CL,1675370055
255,vardo,70.3705,31.1107,-6.01,93,40,6.17,NO,1675369520
256,sarangani,5.4033,125.4636,27.11,75,100,8.38,PH,1675369975
257,seoni,22.0833,79.5333,13.63,24,100,2.71,IN,1675370055
258,gushikawa,26.3544,127.8686,15.57,87,0,0.0,JP,1675370056
259,bandundu,-3.3167,17.3667,22.91,81,20,1.3,CD,1675370056
260,palmer,42.1584,-72.3287,3.41,36,20,7.2,US,1675370056
261,kitimat,54.0524,-128.6534,1.21,100,100,1.66,CA,1675369945
262,khasan,42.4308,130.6434,-10.75,72,11,4.38,RU,1675370057
263,henties bay,-22.116,14.2845,17.81,88,80,3.06,NA,1675370059
264,pontes e lacerda,-15.2261,-59.3353,28.69,75,94,0.91,BR,1675369799
265,mao,39.8885,4.2658,10.31,71,20,6.17,ES,1675370059
266,bajil,15.0584,43.2851,24.82,73,2,3.18,YE,1675370060
267,charagua,-19.8,-63.2167,31.76,58,86,2.37,BO,1675370060
268,kalmunai,7.4167,81.8167,24.49,91,99,2.39,LK,1675370060
269,iqaluit,63.7506,-68.5145,-37.15,67,20,2.06,CA,1675369860
270,erzin,36.9559,36.2,4.87,45,0,1.35,TR,1675370061
271,tazovskiy,67.4667,78.7,-17.5,97,18,3.27,RU,1675370061
272,liverpool,53.4106,-2.9779,11.27,74,75,7.2,GB,1675369922
273,kavieng,-2.5744,150.7967,27.87,75,98,2.62,PG,1675370062
274,lorengau,-2.0226,147.2712,26.78,78,83,0.69,PG,1675370062
275,kavaratti,10.5669,72.642,26.39,79,81,2.68,IN,1675370063
276,ambovombe,-25.1667,46.0833,21.93,86,25,4.99,MG,1675370063
277,gladstone,-23.85,151.25,24.96,100,75,2.06,AU,1675370064
278,matara,5.9485,80.5353,23.74,93,100,3.01,LK,1675370064
279,samarai,-10.6167,150.6667,27.74,78,99,3.12,PG,1675370064
280,westerly,41.3776,-71.8273,3.92,54,0,5.66,US,1675370065
281,umm kaddadah,13.6017,26.6876,17.7,22,15,7.27,SD,1675370065
282,gambela,8.25,34.5833,29.84,19,81,1.5,ET,1675370065
283,aurillac,44.9167,2.45,-1.51,93,0,1.54,FR,1675370066
284,tynda,55.1667,124.7167,-34.98,100,63,1.48,RU,1675369929
285,jutai,-5.1833,-68.9,23.13,93,100,1.02,BR,1675370066
286,cap malheureux,-19.9842,57.6142,25.82,82,2,4.35,MU,1675370067
287,battle creek,42.3212,-85.1797,1.03,47,75,9.26,US,1675370010
288,sola,-13.8833,167.55,27.94,71,21,3.22,VU,1675370067
289,vila velha,-20.3297,-40.2925,28.97,73,20,8.23,BR,1675370068
290,kudahuvadhoo,2.6708,72.8944,26.65,68,26,5.59,MV,1675370068
291,birobidzhan,48.8,132.95,-29.57,93,7,1.65,RU,1675370068
292,khatanga,71.9667,102.5,-35.59,100,60,0.7,RU,1675370069
293,george town,5.4112,100.3354,25.96,89,20,0.0,MY,1675369980
294,hami,42.8,93.45,-4.91,60,55,2.02,CN,1675370069
295,angoche,-16.2325,39.9086,26.35,82,68,1.76,MZ,1675370070
296,san marcos,33.1434,-117.1661,22.02,29,0,4.12,US,1675370070
297,parabel,58.6978,81.4825,-14.89,98,100,1.75,RU,1675370023
298,cabedelo,-6.9811,-34.8339,29.37,73,4,6.48,BR,1675370070
299,yangambi,0.8102,24.4336,20.41,92,64,1.09,CD,1675370071
300,severo-kurilsk,50.6789,156.125,-1.85,96,100,20.58,RU,1675370071
301,los llanos de aridane,28.6585,-17.9182,14.86,74,40,4.63,ES,1675369779
302,berlevag,70.8578,29.0864,-4.03,86,75,6.17,NO,1675370026
303,seoul,37.5683,126.9778,-3.22,55,0,2.06,KR,1675369458
304,lahan,26.7296,86.4951,13.54,67,0,2.01,NP,1675370072
305,wairoa,-39.0333,177.3667,21.42,83,100,1.79,NZ,1675370072
306,harper,4.375,-7.7169,26.66,85,7,3.3,LR,1675370073
307,wajima,37.4,136.9,2.78,65,100,5.91,JP,1675370073
308,san policarpo,12.1791,125.5072,26.24,84,11,6.98,PH,1675370073
309,maryborough,-25.5333,152.7,24.77,91,48,1.17,AU,1675369946
310,yulara,-25.2406,130.9889,18.77,46,0,4.47,AU,1675370074
311,cairns,-16.9167,145.7667,26.7,94,96,0.0,AU,1675370074
312,kulhudhuffushi,6.6221,73.07,26.53,76,100,3.93,MV,1675370075
313,chapais,49.7834,-74.8492,-11.12,94,100,3.88,CA,1675370075
314,kiruna,67.8557,20.2251,-19.49,78,18,4.12,SE,1675370075
315,bilma,18.6853,12.9164,19.71,17,38,3.48,NE,1675370076
316,caraquet,47.7941,-64.9386,-8.7,94,100,0.55,CA,1675370076
317,nanakuli,21.3906,-158.1547,27.7,57,0,1.54,US,1675370076
318,avera,33.194,-82.5271,10.77,81,100,2.39,US,1675370077
319,dhidhdhoo,6.8833,73.1,26.55,76,100,3.61,MV,1675370077
320,puerto suarez,-18.95,-57.8,27.31,78,75,2.06,BO,1675370077
321,acapulco,16.8634,-99.8901,30.9,58,0,1.54,MX,1675369998
322,lasa,46.6166,10.7002,3.49,95,77,3.58,IT,1675370078
323,kadiri,14.1167,78.1667,19.28,67,49,1.58,IN,1675370078
324,junction city,39.0286,-96.8314,7.56,45,0,7.6,US,1675369982
325,sisimiut,66.9395,-53.6735,-10.46,82,100,10.13,GL,1675370078
326,laguna,38.421,-121.4238,17.32,56,0,0.45,US,1675370080
327,olafsvik,64.8945,-23.7142,2.81,91,69,8.55,IS,1675370080
328,fortuna,40.5982,-124.1573,15.51,25,0,9.26,US,1675370081
329,san vicente,-26.6167,-54.1333,27.88,54,50,0.51,AR,1675370081
330,balotra,25.8333,72.2333,17.59,27,2,3.32,IN,1675370081
331,kurumkan,54.3,110.3,-23.17,93,92,1.81,RU,1675370082
332,scarborough,54.2797,-0.4044,9.76,83,100,4.92,GB,1675370082
333,uige,-7.6087,15.0613,19.73,92,100,1.29,AO,1675370083
334,maceio,-9.6658,-35.7353,28.69,69,40,6.69,BR,1675369982
335,panjakent,39.4952,67.6093,2.07,66,8,3.72,TJ,1675370083
336,lewistown,40.5992,-77.5714,4.89,66,0,5.14,US,1675370083
337,changji,44.0167,87.3167,-14.56,85,85,1.0,CN,1675370084
338,catuday,16.2923,119.8062,24.7,74,3,4.37,PH,1675370084
339,plouzane,48.3833,-4.6167,9.1,87,100,2.57,FR,1675370085
340,dobson,36.3957,-80.7226,8.03,96,100,0.0,US,1675370085
341,miramar,25.9873,-80.2323,29.44,65,20,6.17,US,1675369990
342,alice springs,-23.7,133.8833,14.75,82,0,2.06,AU,1675370085
343,san patricio,28.017,-97.5169,7.92,69,94,6.4,US,1675370086
344,maslovka,51.5535,39.2357,-1.71,90,100,2.75,RU,1675370086
345,wattegama,6.7989,81.4808,22.24,96,82,1.99,LK,1675370086
346,mount gambier,-37.8333,140.7667,9.89,84,100,5.39,AU,1675370087
347,oromocto,45.8351,-66.4792,-2.92,46,75,5.14,CA,1675369829
348,ugoofaaru,5.6667,73.0,26.5,75,100,4.18,MV,1675370087
349,staraya russa,57.9944,31.3608,-4.46,98,100,1.11,RU,1675370088
350,torbay,47.6666,-52.7314,-7.46,72,40,3.09,CA,1675370088
351,novyy urengoy,66.0833,76.6333,-14.22,94,17,4.5,RU,1675370088
352,almaznyy,48.0448,40.045,0.09,83,99,2.5,RU,1675370089
353,makarov,48.6333,142.8,-21.28,91,85,2.84,RU,1675370089
354,duvan,55.695,57.9024,-13.66,94,88,0.97,RU,1675370090
355,port hedland,-20.3167,118.5667,29.81,65,87,4.43,AU,1675370090
356,emerald,-23.5333,148.1667,26.3,58,100,4.48,AU,1675370091
357,praia da vitoria,38.7333,-27.0667,15.42,88,20,7.66,PT,1675369939
358,pacific grove,36.6177,-121.9166,16.34,56,0,3.13,US,1675370091
359,te anau,-45.4167,167.7167,19.48,90,64,1.91,NZ,1675370056
360,mounana,-1.4085,13.1586,23.82,75,74,1.16,GA,1675370091
361,half moon bay,37.4636,-122.4286,16.41,57,0,2.57,US,1675369962
362,outjo,-20.1167,16.15,19.82,82,100,4.06,NA,1675370092
363,tommot,58.9564,126.2925,-15.69,93,100,3.14,RU,1675370092
364,baykit,61.67,96.37,-22.13,100,92,1.23,RU,1675370092
365,farafangana,-22.8167,47.8333,23.45,87,67,3.15,MG,1675370093
366,san andres,12.5847,-81.7006,24.01,83,75,5.66,CO,1675370093
367,fairbanks,64.8378,-147.7164,-11.33,86,100,0.0,US,1675369899
368,vesyegonsk,58.664,37.2604,-4.83,95,100,3.43,RU,1675370094
369,grootfontein,-19.5667,18.1167,20.76,94,82,1.03,NA,1675370094
370,shimoda,34.6667,138.95,3.39,66,100,6.64,JP,1675370094
371,winneba,5.3511,-0.6231,26.46,84,25,2.92,GH,1675370095
372,nouakchott,18.0858,-15.9785,24.96,63,74,6.57,MR,1675369877
373,ambon,-3.6954,128.1814,27.08,78,40,2.06,ID,1675370095
374,viedma,-40.8135,-62.9967,27.63,37,67,8.99,AR,1675370029
375,montes claros,-16.735,-43.8617,30.88,40,20,1.54,BR,1675370096
376,camacupa,-12.0167,17.4833,16.7,97,100,1.14,AO,1675370096
377,puerto lopez,4.0845,-72.956,35.03,21,11,4.63,CO,1675370096
378,haines junction,60.7522,-137.5108,-10.03,73,100,1.54,CA,1675370097
379,anqing,30.5092,117.0506,2.48,90,100,2.6,CN,1675370097
380,utete,-7.986,38.758,23.44,96,99,1.57,TZ,1675370097
381,piacabucu,-10.4056,-36.4344,26.64,75,87,4.83,BR,1675370098
382,spencer,43.1414,-95.1444,-13.49,61,0,9.26,US,1675370098
383,ibra,22.6906,58.5334,17.77,60,0,0.6,OM,1675370098
384,khandyga,62.6667,135.6,-32.25,97,100,0.99,RU,1675370099
385,nanzhang,31.7765,111.8386,0.61,73,100,0.7,CN,1675370099
386,magburaka,8.7167,-11.95,27.05,63,31,2.75,SL,1675370099
387,taoudenni,22.6783,-3.9836,15.05,14,27,5.28,ML,1675370100
388,wanning,18.8003,110.3967,21.79,95,100,2.74,CN,1675370100
389,hambantota,6.1241,81.1185,24.52,89,100,5.65,LK,1675370101
390,lagoa santa,-19.6272,-43.8897,31.12,52,40,3.6,BR,1675370101
391,udachnyy,66.4167,112.4,-27.38,99,100,1.44,RU,1675370102
392,hervey bay,-25.2986,152.8535,25.58,85,39,1.49,AU,1675370046
393,margate,51.3813,1.3862,9.93,82,72,1.34,GB,1675370102
394,abbeville,50.1,1.8333,10.14,92,100,7.39,FR,1675370103
395,tadine,-21.55,167.8833,27.49,79,93,3.53,NC,1675370103
396,novomykolayivka,47.9781,35.9102,-0.15,82,86,4.03,UA,1675370103
397,ulaanbaatar,47.9077,106.8832,-29.93,69,27,1.0,MN,1675370002
398,parrita,9.5201,-84.3225,28.97,61,96,2.59,CR,1675370104
399,susanville,40.4163,-120.653,4.9,56,0,1.54,US,1675370104
400,vao,-22.6667,167.4833,26.6,80,88,4.28,NC,1675370105
401,christchurch,-43.5333,172.6333,26.06,54,83,3.09,NZ,1675369997
402,hasaki,35.7333,140.8333,3.45,66,100,5.92,JP,1675370105
403,tanete,-3.9443,119.7848,22.99,97,100,1.68,ID,1675370106
404,mezen,65.8522,44.24,-9.67,97,92,2.17,RU,1675370106
405,katsuura,35.1333,140.3,5.4,77,100,6.49,JP,1675370106
406,wageningen,51.9667,5.6667,9.05,97,100,5.66,NL,1675370107
407,bato,13.3528,123.3677,22.97,93,30,2.01,PH,1675370107
408,asau,46.4333,26.4,-0.49,92,38,2.85,RO,1675370107
409,sorong,-0.8833,131.25,26.71,81,100,4.88,ID,1675370108
410,beringovskiy,63.05,179.3167,-12.85,94,100,5.52,RU,1675370108
411,florence,43.7667,11.25,9.19,88,75,2.06,IT,1675370109
412,port lincoln,-34.7333,135.8667,14.99,55,100,10.21,AU,1675370109
413,tibiri,13.5627,7.0485,24.38,19,73,4.33,NE,1675370109
414,anadyr,64.75,177.4833,-6.72,73,75,3.0,RU,1675370110
415,upernavik,72.7868,-56.1549,-22.57,85,78,1.06,GL,1675370110
416,broken hill,-31.95,141.4333,14.25,47,1,7.39,AU,1675369987
417,kipini,-2.5257,40.5262,24.47,87,93,5.1,KE,1675370111
418,westport,41.1415,-73.3579,4.2,39,0,5.66,US,1675369882
419,diofior,14.1833,-16.6667,21.84,39,65,5.89,SN,1675370028
420,sistranda,63.7256,8.834,-0.02,62,14,8.02,NO,1675370111
421,lima,-12.0432,-77.0282,24.14,69,0,8.23,PE,1675369785
422,kysyl-syr,63.8986,122.7617,-30.72,98,100,2.65,RU,1675370112
423,minna,9.6139,6.5569,30.28,19,6,1.95,NG,1675370112
424,poum,-20.2333,164.0167,27.84,69,100,8.52,NC,1675370113
425,la seyne-sur-mer,43.0982,5.8847,11.6,48,0,1.09,FR,1675370113
426,starosubkhangulovo,53.1031,57.4423,-17.4,95,66,0.83,RU,1675370114
427,slave lake,55.2834,-114.769,-16.01,78,100,5.9,CA,1675370114
428,kieta,-6.2167,155.6333,26.85,84,100,1.92,PG,1675370115
429,caninde,-4.3589,-39.3117,28.99,49,89,1.49,BR,1675369933
430,kruisfontein,-34.0033,24.7314,20.49,89,2,2.6,ZA,1675370115
431,honiara,-9.4333,159.95,26.86,84,99,1.0,SB,1675370116
432,esperance,-33.8667,121.9,15.5,76,42,3.76,AU,1675370116
433,malakal,9.5334,31.6605,26.9,15,0,4.32,SS,1675370117
434,sinnamary,5.3833,-52.95,25.13,86,95,4.26,GF,1675370117
435,south venice,27.0531,-82.4243,29.04,83,0,2.06,US,1675370117
436,coihaique,-45.5752,-72.0662,22.34,46,20,3.6,CL,1675370069
437,kongsvinger,60.1905,11.9977,-10.63,96,100,0.51,NO,1675370118
438,skjervoy,70.0311,20.9714,-12.0,71,96,4.04,NO,1675370119
439,komsomolskiy,40.4272,71.7189,4.4,87,75,3.09,UZ,1675370119
440,farah,32.5,62.5,10.01,76,100,0.64,AF,1675370120
441,muros,42.7762,-9.0603,6.72,90,0,1.42,ES,1675370120
442,nemuro,43.3236,145.575,-9.97,77,25,5.82,JP,1675370120
443,rabo de peixe,37.8,-25.5833,14.73,77,20,5.14,PT,1675370121
444,lake wales,27.9014,-81.5859,29.42,51,40,4.63,US,1675370121
445,krasnogorskiy,54.6025,61.231,-21.68,94,35,2.31,RU,1675370122
446,smithers,54.7804,-127.1743,-1.82,86,100,3.6,CA,1675370111
447,kirakira,-10.4544,161.9205,27.57,79,62,1.09,SB,1675370122
448,quincy,42.2529,-71.0023,4.21,39,20,7.2,US,1675370123
449,mastic beach,40.7668,-72.8521,4.11,54,20,8.49,US,1675370123
450,mount isa,-20.7333,139.5,22.87,73,44,4.12,AU,1675370123
451,vanimo,-2.6741,141.3028,24.72,85,100,1.4,PG,1675370124
452,port-gentil,-0.7193,8.7815,27.6,83,68,3.87,GA,1675370124
453,buin,-33.7333,-70.75,36.35,9,0,6.29,CL,1675370125
454,salalah,17.0151,54.0924,23.05,60,75,1.03,OM,1675370126
455,nynashamn,58.9034,17.9479,-7.13,78,4,2.25,SE,1675370126
456,kabansk,52.0486,106.6528,-17.0,96,85,2.07,RU,1675370127
457,vredendal,-31.6683,18.5012,17.11,71,0,3.93,ZA,1675370127
458,sorland,67.667,12.6934,-0.08,88,98,5.14,NO,1675370127
459,bang phae,13.6916,99.9298,24.22,72,94,1.79,TH,1675370128
460,moose factory,51.2585,-80.6094,-27.0,57,100,8.23,CA,1675370128
461,horsham,51.064,-0.3272,10.7,80,40,4.12,GB,1675370128
462,kungurtug,50.5994,97.5228,-24.85,99,35,0.81,RU,1675370129
463,sokoni,-6.4333,39.55,27.23,85,79,3.96,TZ,1675370129
464,cabo san lucas,22.8909,-109.9124,25.34,57,0,2.24,MX,1675369911
465,tapejara,-28.0681,-52.0139,28.21,61,86,1.18,BR,1675370130
466,luba,3.4568,8.5547,27.94,79,7,2.94,GQ,1675370130
467,simplicio mendes,-7.8539,-41.9103,28.02,56,80,1.11,BR,1675370130
468,cape coast,5.1053,-1.2466,26.66,86,22,3.39,GH,1675370131
469,ivanteyevka,55.9711,37.9208,-0.7,96,98,3.37,RU,1675370131
470,dukhovshchina,55.1919,32.4111,-1.55,97,100,2.53,RU,1675370132
471,hohhot,40.8106,111.6522,-9.84,44,0,2.0,CN,1675370132
472,kodinsk,58.6881,99.1844,-12.81,96,100,2.1,RU,1675369936
473,voznesenye,61.0106,35.4781,-4.39,94,100,2.86,RU,1675370132
474,arandis,-22.4167,14.9667,19.82,61,71,0.57,NA,1675370133
475,almaty,43.25,76.95,1.95,81,100,2.0,KZ,1675370134
476,longyearbyen,78.2186,15.6401,-15.09,78,20,7.72,SJ,1675370134
477,orlik,52.5178,99.825,-27.12,93,25,1.11,RU,1675370135
478,hoima,1.4356,31.3436,23.9,44,35,1.8,UG,1675370135
479,vrede,-27.4257,29.1659,14.56,95,84,1.71,ZA,1675370135
480,lamar,33.6668,-95.5836,1.31,97,100,4.63,US,1675370136
481,salmas,38.1973,44.7653,-4.14,74,40,2.81,IR,1675370136
482,cabra,37.4725,-4.4421,7.02,59,0,1.59,ES,1675370137
483,mount pleasant,32.7941,-79.8626,10.99,98,100,3.6,US,1675370137
484,zaysan,47.4667,84.8667,-12.4,92,100,0.4,KZ,1675370137
485,kathmandu,27.7167,85.3167,10.47,75,20,0.45,NP,1675369679
486,fort frances,48.5999,-93.4003,-22.75,58,0,6.17,CA,1675370138
487,alta floresta,-9.8756,-56.0861,26.52,85,89,0.47,BR,1675370138
488,nisia floresta,-6.0911,-35.2086,28.45,73,8,5.54,BR,1675369989
489,baker city,44.7749,-117.8344,0.89,45,0,7.72,US,1675370138
490,lethem,3.3803,-59.7968,33.39,38,93,5.38,GY,1675370139
491,quatre cocos,-20.2078,57.7625,26.06,82,2,2.04,MU,1675370139
492,kontagora,10.3999,5.4695,28.13,16,88,1.61,NG,1675370139
493,ust-tsilma,65.441,52.1498,-14.27,99,96,1.22,RU,1675370140
494,krasnoselkup,65.7,82.4667,-18.03,99,55,3.72,RU,1675370140
495,tigzirt,36.8886,4.1198,11.2,70,65,3.06,DZ,1675370140
496,el alto,-4.2714,-81.2147,28.81,68,76,6.58,PE,1675370141
497,zeya,53.75,127.2667,-30.72,98,30,1.13,RU,1675369995
498,necochea,-38.5473,-58.7368,22.76,64,43,6.55,AR,1675370141
499,brive-la-gaillarde,45.25,1.5,3.49,30,0,1.4,FR,1675370141
500,ambilobe,-13.2,49.05,23.57,94,93,1.0,MG,1675370142
501,matamoros,25.5333,-103.25,20.06,37,75,9.26,MX,1675370142
502,bowen,-20.0167,148.2333,25.96,82,96,2.01,AU,1675370142
503,lamont,35.2597,-118.9143,18.9,25,100,0.83,US,1675370143
504,natchitoches,31.7668,-93.1335,3.99,100,100,2.57,US,1675370143
505,katiola,8.1333,-5.1,29.35,30,4,0.8,CI,1675370143
506,stavern,59.0,10.0333,-3.6,69,100,6.57,NO,1675370144
507,lensk,60.7253,114.9278,-14.96,94,100,4.73,RU,1675370144
508,solton,52.8429,86.4787,-19.99,100,91,1.26,RU,1675370145
509,devaprayag,30.15,78.6167,12.81,41,31,2.07,IN,1675370145
510,grindavik,63.8424,-22.4338,2.26,87,75,16.46,IS,1675370145
511,namuac,18.6109,121.1657,23.77,89,92,5.95,PH,1675370146
512,otaki,-40.7583,175.15,21.64,90,100,2.24,NZ,1675370146
513,sonoita,31.85,-112.8333,18.34,27,0,2.07,MX,1675370146
514,makakilo city,21.3469,-158.0858,26.91,66,0,1.54,US,1675370147
515,narok,-1.0783,35.8601,16.32,46,87,0.87,KE,1675370147
516,huarmey,-10.0681,-78.1522,24.46,73,74,4.4,PE,1675370148
517,bubaque,11.2833,-15.8333,25.04,68,49,4.96,GW,1675370148
518,flinders,-34.5833,150.8552,18.92,65,0,4.45,AU,1675370148
519,kortkeros,61.8106,51.5806,-8.0,91,100,2.57,RU,1675370007
520,huilong,31.8111,121.655,3.85,72,100,2.74,CN,1675370149
521,dubbo,-32.25,148.6167,13.07,76,0,2.57,AU,1675370149
522,talara,-4.5772,-81.2719,30.42,54,0,7.72,PE,1675370150
523,esmeraldas,-19.7625,-44.3139,31.06,83,97,1.31,BR,1675370150
524,blackwater,-23.5833,148.8833,27.53,52,97,3.06,AU,1675370150
525,groningen,53.25,6.75,8.91,89,100,5.14,NL,1675370151
526,archidona,37.0965,-4.3887,7.45,87,0,1.2,ES,1675370151
527,sioux lookout,50.1001,-91.917,-26.96,58,20,6.69,CA,1675370151
528,thunder bay,48.4001,-89.3168,-20.01,41,20,9.77,CA,1675370152
529,kotovo,50.3211,44.8012,-3.15,97,100,2.78,RU,1675370152
530,naze,28.3667,129.4833,10.51,68,2,3.28,JP,1675370152
531,oktyabrskiy,54.4815,53.471,-15.0,95,70,1.79,RU,1675370153
532,pevek,69.7008,170.3133,-25.55,100,65,1.03,RU,1675370153
533,nelson bay,-32.7167,152.15,23.94,73,0,2.68,AU,1675370153
534,eureka,40.8021,-124.1637,15.66,36,100,1.79,US,1675370007
535,bolshaya izhora,59.938,29.5772,-0.94,97,98,2.9,RU,1675370154
536,tabas,33.5959,56.9244,11.22,76,16,2.23,IR,1675370154
537,balikpapan,-1.2675,116.8289,24.55,94,40,2.06,ID,1675370154
538,kismayo,-0.3582,42.5454,24.72,84,20,5.14,SO,1675370155
539,maniitsoq,65.4167,-52.9,-13.05,83,100,7.65,GL,1675370155
540,tabat,-2.635,115.2274,22.38,94,100,0.16,ID,1675370155
541,berja,36.8469,-2.9497,9.31,61,0,1.21,ES,1675370156
